iteration,loss,plddt,sequence
54,0.2241746311275166,69.40327069101366,DPFWKRYGCS
67,0.2559089936159393,69.23192964113258,DPFWKEYGCS
76,0.2380116800051026,68.08733783439382,DPFWKRIGCS
63,0.2382793595501227,67.49640511654289,DPFWKRFGCS
75,0.2314701046597771,67.47363249999981,DPFWKHYGCS
58,0.2322267595157338,67.25341635232034,DPFWKRYNCS
56,0.2449026151221869,66.18946996892191,DPFWKRLGCS
239,0.2457538466246617,66.11704440552892,DPFWKRYGMS
227,0.2456378575151755,65.76545596810793,DPFWKRYGLS
42,0.23834829035583,65.31831264638458,DPFWKRYGCE
73,0.2490036314845717,65.27454668016435,DPFWKRWGCS
72,0.2786518411698069,65.25159810435142,IPFWKRYGCS
57,0.3286116902836997,64.73150186974252,DPFWKKYGCS
185,0.2463053683589607,64.60726988930655,DPFWKRYGYS
53,0.2891302775060818,64.12149920037407,LPFWKRYGCE
77,0.3265749970455059,63.77735267183889,DPFKKRYGCS
238,0.2390529750120777,63.46746663550912,DPFWKRYGGS
37,0.3413274392263906,63.23449355271804,DVFCKRYGCE
70,0.2596331833560683,62.65747461261999,SPFWKRYGCS
35,0.3414604830143618,62.50576958786913,DVFCKFYGCE
40,0.3364877671619081,62.26917037400343,DPFCKRYGCE
61,0.2553828294566444,62.178137135154245,DPHWKRYGCS
176,0.2658682637570351,61.927101051924545,DPFWKRYGIS
44,0.2646929924091566,60.93547171571045,SPFWKRYGCE
29,0.4928716873322348,60.656818573805495,RVTCKFYGCE
69,0.2594892559512119,60.64387492716777,DPNWKRYGCS
145,0.269007718180533,60.57925641257824,DPFWKRYGWS
43,0.2580028454738262,60.49174859925988,DPFWLRYGCE
46,0.2664143316012564,60.35068394405388,DHFWKRYGCE
64,0.2945446733878017,59.90370636824372,DPFWKRPGCS
71,0.2653957549121339,59.4984500330458,DPPWKRYGCS
30,0.4122245494101267,59.07531917754676,GVTCKFYGGE
31,0.343007827737227,58.99215729857095,GVFCKFYGCE
78,0.2875077345798227,58.49605918458691,GPFWKRYGCS
178,0.2826653238666426,58.2994967833445,DEFWKRYGCS
55,0.309778438743804,58.18664225534011,DPFWKWYGCS
233,0.2723300637616206,58.12955792490974,DPFWKRYGHS
74,0.289321330367728,58.04779098029975,DIFWKRYGCS
28,0.3802178003081916,57.633173404785325,GVTCKFYGCE
152,0.2701396486030128,57.586392647628585,DPFWKRYGTS
225,0.2725204479939548,57.57393632716448,DPFWKRYGSS
25,0.4397424390683436,57.04045521537481,GFTCKFYGCE
33,0.3923977200197724,56.99218535416584,GVVCKFYGCE
229,0.2808878370947802,56.97946592853331,DPFWKRYGQS
39,0.3502129470629644,56.93190876263616,DVFMKRYGCE
129,0.2877649151983675,56.788618821730765,DDFWKRYGCS
131,0.2938659587047082,56.652992660221926,DPFWKRYGVS
202,0.2827509286210896,55.70126089817204,DPFWARYGCS
181,0.3076127559120542,55.56065284720789,DGFWKRYGCS
60,0.3791802531198777,55.48313408354734,DPFWKRQGCS
34,0.4527277486643992,55.139569068967816,GVFFKFYGCE
66,0.346289958258984,55.04964962017074,DPFWKRKGCS
154,0.2971128732957421,54.95443183784372,DPFWRRYGCS
11,0.4588066492603206,54.8866369177238,QFTQKFYGCE
16,0.4725195061598257,54.72210421080234,QFTSKFYGCE
253,0.4300124813636523,54.67901535860729,DPFWFRYSCS
235,0.3881411212619957,54.67178371269982,CPFWKRYGCS
48,0.399465461276523,54.46344615310407,DPFWKGYGCE
169,0.2953690081658825,54.45930316939339,DPFWERYGCS
146,0.2899247251680324,54.24529982104141,DPFWKRYGNS
246,0.4456272983080742,54.0454532855976,LLFWKRYGCS
68,0.3060628529282613,53.88075676138833,DPFWKRYTCS
144,0.3234100310174265,53.80097363292371,DPFWKRMGCS
206,0.3786725170519806,53.78761938563984,DPFCKRYGCS
65,0.3069855977206051,53.52023449752013,DPFWKRYPCS
165,0.4266382065368784,53.31855825682577,DPFSKRYGCS
47,0.3182118866475588,53.21845757236152,DPFWKRYLCE
159,0.3161321429918721,53.111036608934214,DSFWKRYGCS
50,0.3088254306644453,53.01820248964358,DPSWKRYGCE
205,0.4204561295051195,52.95662100118351,DPFWIRYGCS
62,0.3195857453356515,52.79208330246182,DPFWKRYVCS
244,0.4451597231627877,52.766205470403655,DHFWKRSGCS
59,0.3167171691281619,52.75922704947296,DPFWKRYDCS
24,0.4441022869016274,52.71866864574257,GFTQKFYGCE
32,0.4041661679781098,52.543056862679066,GVFGKFYGCE
41,0.3843548382938263,52.36484694933896,DPFVKRYGCE
228,0.3434103968481134,52.23320487101281,DPFWKDYGCS
160,0.3226733427439512,52.01427763330539,DPFWKRYGKS
197,0.387390237895974,52.01372322002426,DPFWKRRGCS
216,0.4212262268288901,51.80482358266598,DPFWFRYGCS
13,0.460990998701989,51.80181998505723,QFRQKFYGCE
170,0.3423350728167367,51.72698193931136,DPFLKRYGCS
81,0.3500609667325079,51.72403982032155,DPFWKRYGFS
254,0.4745456065556992,51.711366977277784,DFFGKRYGCS
158,0.3559645823884602,51.60002849027514,DPFWKRCGCS
194,0.4095804978988268,51.50544749878608,DPFPKRYGCS
175,0.377635664097007,51.4305766245292,DPFMKRYGCS
249,0.3888627664728051,51.38701358026301,APFWLRYGCS
52,0.4343578752083979,51.36027221284458,DPNWKRYGCE
149,0.3205781182656055,51.3284821092333,DPFWKRYGCR
156,0.3258231711364289,51.18269486993085,DPFWKRYGCK
172,0.4077629446252337,51.171264626830805,DPFWWRYGCS
49,0.3207936548674802,51.1305177283648,DPFWKRYSCE
155,0.3673907184465884,51.08249571899431,DPFWKRHGCS
231,0.4151768308708178,50.901403383180146,DPFTKRYGCS
128,0.3385694083407371,50.75914434638689,DPFWKRVGCS
201,0.338018724897808,50.67273164597573,DPKWKRYGCS
166,0.3550559226512774,50.649229163195194,DPFWKRYGCP
137,0.373200991564391,50.63323053408966,DPFWKRTGCS
177,0.3656338657447371,50.62737188704486,DLFWKRYGCS
242,0.3299110044102508,50.59258787984727,DPFFKRYGCS
230,0.3291998208531361,50.580752146631845,EPFWKRYGCS
221,0.3277384625517874,50.54135018867528,DPFWKRYGCA
19,0.4611585439519409,50.46041655949084,QFFQKFYGCE
186,0.3337754911879531,50.44733846284361,DPAWKRYGCS
36,0.4050685331661892,50.40059996317286,DVFKKFYGCE
163,0.3744461902466458,50.263296712891304,MPFWKRYGCS
133,0.3650291918017599,50.20686940396481,DPFWKRYGCM
168,0.3964049833594205,50.19627161834795,DPFIKRYGCS
207,0.4014751370829616,50.10536991933621,WPFWKRYGCS
139,0.3654033914651694,50.09850020025915,HPFWKRYGCS
192,0.3678991049967629,50.04830182658479,DRFWKRYGCS
173,0.3542951322481537,50.04737850832461,DPFWKRYLCS
