iteration,if_dist_peptide,plddt,loss,sequence
init,22.7009,46.904708053638586,0.48397911566117313,AVHQHLRGD
1,22.455086,46.42056147395892,0.4837314552300584,ALHQHLRGD
2,22.409245,45.95397231352076,0.48764542887536577,ALHEHLRGD
3,23.972406,47.74058850862395,0.5021388955646972,AHHQHLRGD
4,23.074244,47.02473557387323,0.4906831110040774,ALHQSLRGD
5,22.789288,46.7589641170117,0.4873779391286289,ALHQHLQGD
6,22.346779,56.80644243622877,0.393384586523184,ALHPHLRGD
7,20.89249,62.155206253318774,0.33613419770202013,ALHPHLRGI
8,19.277822,60.713701101129914,0.3175201337568937,ALHPQLRGI
9,26.133123,49.931227085827324,0.5233823585570336,ALHEQLRGI
10,19.324518,59.50100463620683,0.3247763348179878,AYHPQLRGI
11,21.728115,53.68839879518943,0.4047078245837718,ALHPQLGGI
12,23.61464,57.407648337396985,0.41135005467282504,ALEPQLRGI
13,26.735634,54.085126133441605,0.49432507163123046,ALHKQLRGI
14,18.071678,55.140909188810234,0.32773631097995,ALPPQLRGI
15,20.121489,58.33863986515078,0.3449084280620464,ALHPGLRGI
16,22.434263,54.92179583329966,0.40847650534704455,AQHPQLRGI
17,19.724394,62.433512095652986,0.315926386047051,RLHPQLRGI
18,27.18448,55.386972203928345,0.49081001516068046,RLHDQLRGI
19,19.378983,55.62802464698001,0.34836726033192655,GLHPQLRGI
20,19.742296,56.61118751109137,0.34873488945986375,NLHPQLRGI
21,18.50879,50.594295380748605,0.3658275883320769,RLHPQWRGI
22,24.913992,60.790317000536646,0.40983487432514376,RMHPQLRGI
23,21.326038,58.85575762454472,0.3623441311662271,RLSPQLRGI
24,22.393831,54.31560154207464,0.41229095540265287,RLHPQLGGI
25,24.852474,61.72985611855982,0.4026005530438016,RLHPQLRSI
26,19.168934,56.75283615608996,0.337761690282526,ELHPQLRGI
27,26.09612,63.32938819919621,0.41206968165029273,RLHPCLRGI
28,25.086903,59.199372671259965,0.42376973752269775,RLTPQLRGI
29,24.258524,62.67544862788376,0.3870498651723672,RCHPQLRGI
30,19.730398,59.5911230375641,0.3310962635435357,RLHPQLAGI
31,23.708828,58.42314308382466,0.4058122641295596,ILHPQLRGI
32,40.649708,69.07230523003575,0.5885094997019605,RLHMQLRGI
33,19.640491,60.452414910376916,0.3248917601507484,RWHPQLRGI
34,21.868992,55.81319626769174,0.3918247531805631,RLHPQLRGN
35,19.763142,65.75355152072652,0.30056386575332644,RLDPQLRGI
36,23.228027,53.42616257628913,0.4347687766378854,RLDPQLRGG
37,21.404682,56.77171200160066,0.377030767696777,RLDGQLRGI
38,23.539568,56.0772341461367,0.4197704880744264,RQDPQLRGI
39,17.997486,56.828977294833734,0.31669558333118353,RLDPQLRGF
40,22.48774,58.151168936866775,0.38671173725506086,RTDPQLRGI
41,23.23768,58.319593688835276,0.3984540866173643,RLGPQLRGI
42,25.189392,58.834545357712244,0.4281394873826765,RLDPQLHGI
43,22.736776,55.62676564194649,0.40873806142673846,RLDPQLGGI
44,21.78519,62.064100791132645,0.351011136946786,RLDPQLSGI
45,19.180632,56.02825819370951,0.34233853158988115,RLDPQFRGI
46,23.244606,60.64431067474166,0.3832940923796794,RKDPQLRGI
47,21.370255,65.60173368032378,0.3257574658123896,RVDPQLRGI
48,21.528795,66.00079641834276,0.32618993119189615,SLDPQLRGI
49,21.512615,55.73468586954186,0.38598253256889226,RLDPQLRGS
50,19.419823,50.67815719493026,0.38319906973282397,RLDPQLRGW
51,20.169245,65.09890813863119,0.30982462445121195,RLDPQLKGI
52,20.398664,63.150045973268185,0.3230189964251521,RLDPHLRGI
53,27.006855,54.739266837494334,0.4933726111305468,RLDKQLRGI
54,23.961813,60.43061492097653,0.3965177750442664,RLDPQLRAI
55,20.1264,55.388844231970616,0.3633655887385255,VLDPQLRGI
56,19.52071,64.81101113762186,0.3011943441216208,RLVPQLRGI
57,29.101547,62.28860598109247,0.4672049852912847,RLRPQLRGI
58,25.357876,57.2907158297409,0.44261754206971815,RLDPQLRGP
59,23.893564,61.43159952708648,0.3889458260598927,RLDPQLCGI
60,25.344767,64.54718093920383,0.39265489596971254,RLDPQLRKI
61,22.34306,53.81000454357208,0.4152212907118948,RHDPQLRGI
62,27.592817,60.218025416556166,0.45821524561202676,RLDRQLRGI
63,21.5737,67.08094265605015,0.321606988467478,RLDPQLRHI
64,24.098986,64.51819478276755,0.37352231805521274,RLDPQLRGR
65,26.816734,54.2775269224981,0.4940669893132009,RLDNQLRGI
66,25.25901,65.20557184116882,0.3873750294908638,RLDPQSRGI
67,18.562925,52.46152866418317,0.35383881887182794,RLDPQYRGI
68,19.199842,56.314526465543565,0.34093942820864326,RLWPQLRGI
69,26.87116,57.37709584829603,0.46832555935296893,RLEPQLRGI
70,18.378532,55.07247207720744,0.3337154065628769,RLDPQLYGI
71,18.103874,57.89881182851079,0.31268127332499385,RLDPQLPGI
72,21.076767,66.79956439215533,0.31552252113561097,RLDPQLRGH
73,21.14969,60.8298917806662,0.3476858171030619,RLDPQLIGI
74,21.49798,67.02371715341967,0.32075183279656383,RLDPQIRGI
75,21.19427,58.91982648332162,0.35971370666370334,FLDPQLRGI
76,19.701975,51.933125641032035,0.37937202172187395,GLDPQLRGI
77,22.782602,65.30707698192337,0.348853498932233,RLDPQLRSI
78,23.135056,55.96482715164731,0.4133856337892971,RLDPQLRGQ
79,22.959751,69.93160106891527,0.3283172525468753,RLDPQLRGV
80,19.374632,59.50317281520659,0.325606702383482,RLDPQLRYI
81,22.306047,53.923873644821775,0.41365810599026226,RSDPQLRGI
82,23.229685,56.41384937108926,0.41177273114102664,RLDPQLREI
83,22.698195,66.16249798246038,0.34306737496219464,RLDPQLRRI
84,18.933908,52.894121485862534,0.3579586526942326,RLDPQLAGI
85,18.445503,54.347315957963374,0.3394004452608208,RLDPQLRWI
86,19.249475,58.24516332719455,0.3304905399782515,RLPPQLRGI
87,21.042667,66.91443266747552,0.3144712814571023,RLDPQLRGN
88,24.494415,52.72554480856181,0.46456447955423713,RLDEQLRGI
89,23.679766,51.3833034085514,0.4608455301718315,RLDPQLDGI
90,23.24332,57.834504685745436,0.40189365485854517,RLDPQLEGI
91,23.602434,49.97581407795142,0.4722771323246585,RLDPQERGI
92,19.6563,56.31538033217616,0.34903963136041716,RLDPGLRGI
93,27.061848,63.75381474136116,0.424474171413163,RLKPQLRGI
94,20.428223,65.72255684513947,0.31082513579598775,RFDPQLRGI
95,23.98742,52.18767962551888,0.45963758688915785,REDPQLRGI
96,23.423334,61.940179350296,0.3781605795688121,RLDPQLRGM
97,23.511614,56.89571554699795,0.41324049833600807,RPDPQLRGI
98,27.12212,61.94898887624085,0.43781376250947235,RLDSQLRGI
99,19.255177,53.951222125911336,0.3568997287818936,RLDPNLRGI
100,19.144989,61.35430098233418,0.3120398848515007,RLDPALRGI
101,20.740705,59.29080763747332,0.3498131720001001,HLDPQLRGI
102,48.74218,47.67053126009382,1.0224803160817457,RLDPQLRTI
103,18.609367,61.299800362761324,0.303579575471348,RLLPQLRGI
104,17.103224,55.12649429939402,0.3102541530714967,RLDPQLRII
105,21.496798,64.4294963185158,0.3336483876169577,RLDPELRGI
106,27.117912,55.175681753976576,0.491483048880063,RLDPPLRGI
107,24.473757,58.62874502696084,0.41743613612924346,RLDPQLRDI
108,20.662102,65.3505440406249,0.31617337007570984,RLCPQLRGI
109,26.211971,59.146483827434054,0.4431704065356633,RLDMQLRGI
110,23.515724,65.56737426553283,0.35864977735566494,RLDPQLRGL
111,20.131845,64.61850215177401,0.31154924369738696,RLDPQLRFI
112,24.612316,66.77767572337244,0.36857102115306767,RRDPQLRGI
113,19.593233,64.6440813420777,0.3030939987349934,KLDPQLRGI
114,19.910378,49.90691611119351,0.39895026689448665,RLDPQLWGI
115,25.32311,62.06742044650147,0.4079936043462833,CLDPQLRGI
116,23.056812,69.75749119396238,0.33052811808077975,RLDPQLRGC
117,24.929564,60.62275785531446,0.4112245038709243,RLDPQLMGI
118,23.289585,59.23048349835314,0.39320268446184375,RLDPQLLGI
119,26.17442,56.43595571995763,0.4637897785049829,RLDPQPRGI
120,21.280062,60.947143676872656,0.3491560135225305,RLDPQLRPI
121,20.039145,63.42794449028507,0.31593558134396904,RLDPQLVGI
122,26.6641,62.73905236538524,0.4250000540601715,RLDPQLRMI
123,18.703318,53.340087831486,0.3506427979890122,RLDPQLRVI
124,20.629374,65.14905964442167,0.3166488305895511,RIDPQLRGI
125,21.766573,59.59767271129143,0.3652252170603063,RLDPQLTGI
126,26.728132,62.34258275828324,0.42872994773983003,RLMPQLRGI
127,22.717274,54.849603401915765,0.41417389193674176,ELDPQLRGI
128,19.984814,59.94692199515784,0.33337514296063114,RLDPQLQGI
129,21.525402,58.41240649433975,0.36850736617361657,RLDPQLNGI
130,28.489052,61.41464455741353,0.46388043151848973,RLDHQLRGI
131,20.30577,65.07671106746096,0.31202822854667184,RLNPQLRGI
132,17.419603,53.54489439804052,0.3253270651406083,RLDPQLFGI
133,34.94821,64.19314253138792,0.5444228198180759,RLDCQLRGI
134,21.941189,51.39605776704775,0.4269041199950419,RNDPQLRGI
135,18.895914,55.25390630499814,0.3419833155950009,TLDPQLRGI
136,25.9848,51.2748848531434,0.5067744259820044,RLDDQLRGI
137,22.470697,53.43460484444707,0.42052706234786086,DLDPQLRGI
138,20.029657,53.29401088974959,0.3758331758014491,ILDPQLRGI
139,22.69026,53.75677864050601,0.42209113915122976,RLDPQLRGT
140,23.498892,68.90716771833185,0.3410224597606377,RLDPQRRGI
141,18.569347,61.67898902245684,0.3010643928490923,RLIPQLRGI
142,26.341871,59.75807398225878,0.44080857206705093,RLDAQLRGI
143,25.939215,68.8484510116913,0.37675814524884677,RLDPQKRGI
144,28.397,64.99162936364559,0.43693318104462403,RLDTQLRGI
145,25.709938,66.14519274727596,0.3886894418396749,RLDPMLRGI
146,34.77781,52.41808228674602,0.6634696964459538,RLDLQLRGI
147,18.121689,63.144891164475766,0.2869858274926981,RLFPQLRGI
148,19.721363,54.85598995617328,0.35951156990117517,RLFPQSRGI
149,21.246891,60.18148468447745,0.35304697338596414,WLFPQLRGI
150,18.407953,61.23511499797395,0.3006110670803534,RLFPCLRGI
151,21.749197,61.45950815788496,0.35387847475696516,RLFPQLRLI
152,19.777056,56.41561891124728,0.35055993574172417,NLFPQLRGI
153,15.87511,73.74322647840988,0.21527549621380088,RDFPQLRGI
154,15.856746,69.22775632292904,0.22905185090705776,RDFPQLGGI
155,16.132,66.92549114671904,0.24104417753344015,NDFPQLRGI
156,23.153173,58.74475262185376,0.3941317720017432,RDFPQRRGI
157,16.147802,70.59719696948821,0.22873149425301234,MDFPQLRGI
158,16.409998,67.83459296486075,0.2419119393635056,RDFPQLRSI
159,15.832733,71.37388513799266,0.22182809754136582,RDFPQLRGD
160,16.553873,66.8509064812404,0.24762376358769514,RDFPQLRAI
161,15.839328,68.09851205190272,0.23259433040361507,RDFPQLAGI
162,15.617777,74.4618295119338,0.20974205137176383,QDFPQLRGI
163,14.912554,84.7903069394023,0.1758756905773334,QDFPQLRGS
164,15.035326,84.63831718516462,0.1776420716297477,ADFPQLRGS
165,15.051061,79.12041723249422,0.19022979406626964,LDFPQLRGS
166,22.035898,73.62104004970348,0.29931522556243645,QRFPQLRGS
167,20.570822,51.104420089340735,0.4025252948007835,QDFYQLRGS
168,14.184307,84.08908287468108,0.16868190986846301,QDFPQYRGS
169,14.415955,77.60156018067372,0.18576887573239761,HDFPQYRGS
170,14.327011,76.09771673164181,0.18827123498228684,QDFPAYRGS
171,14.295991,80.34261241705745,0.17793784037913019,VDFPQYRGS
172,14.592732,72.64616238780015,0.20087409919336674,QDFPCYRGS
173,21.49562,47.899995182048265,0.44876039435584514,QDFPQCRGS
174,14.59363,74.17607417153906,0.19674308730989198,QHFPQYRGS
175,14.977375,74.1310374260049,0.20203919371110232,QDFPLYRGS
176,22.217768,63.536237722964756,0.3496865491521484,QDMPQYRGS
177,22.8032,46.33957161126859,0.4920891362431425,QDFPQPRGS
178,15.041699,74.87828611493427,0.20088199383191863,QDFPQYRGT
179,14.585828,76.76354159449855,0.19000983441466102,QDFPMYRGS
180,14.334544,83.48122104209808,0.17170980494637322,ADFPQYRGS
181,14.686683,74.6902087635697,0.19663464521301885,FDFPQYRGS
182,14.589607,76.80201681164019,0.18996385569601756,QDFPNYRGS
183,21.967314,79.89479052146878,0.27495301787638565,QDCPQYRGS
184,20.984184,47.87466861214448,0.4383149768646881,QDLPQYRGS
185,14.141164,77.28668231184818,0.18297025312756768,QDFPQYGGS
186,14.4152975,78.48836230525839,0.1836615911563488,QDFPTYRGS
187,14.209238,84.2655585768702,0.1686245043923368,KDFPQYRGS
188,14.40763,80.80837125554454,0.17829377999927554,MDFPQYRGS
189,14.1151905,87.51680746922041,0.1612854823451569,KDFPQYKGS
190,22.66694,49.38603957434735,0.45897465932580733,KDPPQYKGS
191,15.805336,78.60804276101732,0.20106512569694987,KDFPQYKGM
192,14.919545,85.76195613224344,0.1739646090935629,KDFPQMKGS
193,16.082891,73.06724040421412,0.22011083729536643,KDFPQYKGV
194,14.344441,76.71952490179845,0.18697250057583625,LDFPQYKGS
195,20.612432,49.88663502602138,0.41318546478644513,KDFLQYKGS
196,14.345181,78.80685483895648,0.18202961524684136,KDFSQYKGS
197,14.000036,77.39542669633616,0.18088970934359838,KDWPQYKGS
198,14.478565,83.65305219549757,0.17307874412314306,KDFPQFKGS
199,14.587695,72.81428690381371,0.20034111081847447,KDFPPYKGS
200,21.691965,51.42411410159083,0.42182476999595725,KDFPQDKGS
201,18.539688,51.954918023291,0.35684183164412575,KDFRQYKGS
202,15.062833,76.0127896400251,0.1981618212365275,KDFPQSKGS
203,15.673032,75.71402664649698,0.20700301517606498,KDFPQYWGS
204,21.978436,47.75693271613555,0.4602145545442789,KDFMQYKGS
205,15.281665,69.32300351890606,0.22044147068959521,KDFPQPKGS
206,15.628583,73.03840528349409,0.2139776038886029,KDFPQYKGH
207,22.529358,44.35887745189796,0.5078883687845058,KDFWQYKGS
208,22.243233,55.580857773901585,0.4001959238832629,KDFPQRKGS
209,21.970287,44.39124280334889,0.494923906958978,KDFYQYKGS
210,21.773142,54.12715460674937,0.40225912518680446,KDFPQYKGR
211,21.881416,44.53088282815102,0.49137620750173044,KDFHQYKGS
212,14.108016,79.75692042444682,0.17688767243042625,KDFPQYIGS
213,14.010931,88.9173106264243,0.1575725909421613,KDFPQYPGS
214,14.454665,78.63031594668426,0.18383068934661365,KFFPQYPGS
215,20.150349,58.7591597823368,0.3429311912895552,KDQPQYPGS
216,14.733445,73.78810712203591,0.19967235564363112,KDFPQAPGS
217,14.401086,84.73131629089684,0.16996178607842363,KDFPQYPSS
218,20.74806,50.02757562522956,0.41473247438312627,KDFMQYPGS
219,14.53244,95.7976029645576,0.15169941351166655,KDFPQIPGS
220,14.652147,88.87239040333709,0.1648672577230537,KFFPQIPGS
221,14.712254,87.7114825446495,0.1677346356911408,KDFPQIHGS
222,18.70521,55.06128888290065,0.3397161619633752,KDFPQIPGP
223,14.471306,92.69478908168003,0.15611779249442234,KDFPQIPAS
224,15.613503,73.62870172015229,0.2120572968332305,KDFPQIPGH
225,14.53554,92.53969089920245,0.15707357011714926,KDFPQIPSS
226,18.421995,53.51340005590463,0.34425013442836166,KDFFQIPGS
227,21.547995,54.89225214704855,0.3925507475248682,KDFPQKPGS
228,18.345274,54.40567804819875,0.33719410601417893,KDFRQIPGS
229,14.611578,92.5945877350435,0.15780164202989347,DDFPQIPGS
230,14.636607,89.63920480844212,0.16328354542393844,KDFPQVPGS
231,15.306487,75.59820059119254,0.20247157953146203,KDFPQIPGR
232,14.583186,87.32469530381462,0.166999565230205,KDFPQIPPS
233,21.19324,51.163176644597506,0.4142283689547646,KDFQQIPGS
234,14.68839,86.7859585490102,0.16924845935581048,HDFPQIPGS
235,14.684947,94.65394622289983,0.15514352649675603,KEFPQIPGS
236,14.789085,82.36917151399554,0.179546365665105,KDFPLIPGS
237,15.632026,75.42412471314148,0.20725498344384932,KDFPQIPGK
238,15.058586,80.65683407355067,0.18669944454890952,KPFPQIPGS
239,20.992807,63.69244991341601,0.32959648148004106,KDRPQIPGS
240,14.670069,86.76198674944924,0.16908405732119605,KDFPQIPGA
241,14.554082,95.21771514775435,0.15285056876469622,TDFPQIPGS
242,14.5376005,84.3606153334921,0.17232686674703948,KDFAQIPGS
243,14.594151,93.74617251062348,0.15567729489498952,KIFPQIPGS
244,14.58754,94.75787117808886,0.15394541362622635,EDFPQIPGS
245,14.867487,91.45375371954952,0.16256836213992623,KLFPQIPGS
246,14.753763,81.85880031249447,0.18023429542737396,CDFPQIPGS
247,14.389157,91.93385170340358,0.15651641945394892,KDFPQIPKS
248,21.800974,64.11082537190568,0.340051368325784,KDHPQIPGS
249,17.084713,56.7795914555439,0.3008953136895035,KDFPQIPWS
250,16.433327,81.81592454825942,0.2008573124599741,KDFPQIPGL
251,14.5752735,93.71110075445377,0.15553411918599444,VDFPQIPGS
252,15.6615095,72.25776231004016,0.21674501137546057,KDFPQICGS
253,21.572355,52.4120681034304,0.411591376776331,KDFMQIPGS
254,14.662786,95.21415672257625,0.1539979561318074,KDFPSIPGS
255,15.552054,72.28618394257056,0.21514559985028528,KDFPQIPGY
